{
    "nodePositions": [
        0.0,
        0.0,
        0.0,
        0.0,
        0.0,
        3.8999998569488527,
        0.0,
        0.0,
        5.199999809265137,
        0.0,
        0.0,
        6.5,
        0.0,
        0.0,
        7.799999713897705,
        0.0,
        0.0,
        9.09999942779541,
        1.2999999523162842,
        0.0,
        1.2999999523162842,
        1.2999999523162842,
        0.0,
        3.8999998569488527,
        1.2999999523162842,
        0.0,
        6.5,
        1.2999999523162842,
        0.0,
        7.799999713897705,
        2.5999999046325685,
        0.0,
        1.2999999523162842,
        2.5999999046325685,
        0.0,
        3.8999998569488527,
        2.5999999046325685,
        0.0,
        5.199999809265137,
        2.5999999046325685,
        0.0,
        6.5,
        2.5999999046325685,
        0.0,
        7.799999713897705,
        2.5999999046325685,
        0.0,
        9.09999942779541,
        3.8999998569488527,
        0.0,
        0.0,
        3.8999998569488527,
        0.0,
        1.2999999523162842,
        3.8999998569488527,
        0.0,
        2.5999999046325685,
        3.8999998569488527,
        0.0,
        6.5,
        3.8999998569488527,
        0.0,
        7.799999713897705,
        3.8999998569488527,
        0.0,
        9.09999942779541,
        5.199999809265137,
        0.0,
        3.8999998569488527,
        5.199999809265137,
        0.0,
        5.199999809265137,
        5.199999809265137,
        0.0,
        6.5,
        5.199999809265137,
        0.0,
        7.799999713897705,
        5.199999809265137,
        0.0,
        9.09999942779541,
        6.5,
        0.0,
        0.0,
        6.5,
        0.0,
        1.2999999523162842,
        6.5,
        0.0,
        7.799999713897705,
        6.5,
        0.0,
        9.09999942779541,
        7.799999713897705,
        0.0,
        0.0,
        7.799999713897705,
        0.0,
        2.5999999046325685,
        7.799999713897705,
        0.0,
        6.5,
        7.799999713897705,
        0.0,
        7.799999713897705,
        9.09999942779541,
        0.0,
        0.0,
        9.09999942779541,
        0.0,
        2.5999999046325685,
        9.09999942779541,
        0.0,
        3.8999998569488527,
        9.09999942779541,
        0.0,
        5.199999809265137,
        9.09999942779541,
        0.0,
        9.09999942779541
    ],
    "edgeNodeIndexes": [
        0,
        1,
        0,
        16,
        1,
        7,
        2,
        3,
        2,
        12,
        3,
        8,
        3,
        4,
        4,
        9,
        4,
        5,
        5,
        15,
        6,
        10,
        6,
        7,
        7,
        11,
        8,
        9,
        9,
        14,
        10,
        17,
        10,
        11,
        11,
        12,
        13,
        19,
        13,
        14,
        14,
        15,
        16,
        17,
        16,
        27,
        17,
        28,
        18,
        19,
        18,
        32,
        20,
        25,
        20,
        21,
        21,
        26,
        22,
        23,
        22,
        37,
        23,
        38,
        24,
        25,
        24,
        33,
        25,
        26,
        27,
        28,
        29,
        34,
        29,
        30,
        30,
        39,
        31,
        35,
        31,
        32,
        32,
        36,
        33,
        34,
        35,
        36,
        36,
        37,
        38,
        39
    ],
    "wallPositions": [
        0.6499999761581421,
        0.0,
        0.6499999761581421,
        3.25,
        0.0,
        0.6499999761581421,
        4.549999713897705,
        0.0,
        0.6499999761581421,
        5.849999904632568,
        0.0,
        0.6499999761581421,
        3.25,
        0.0,
        1.9499999284744263,
        7.149999618530273,
        0.0,
        1.9499999284744263,
        4.549999713897705,
        0.0,
        3.25,
        8.449999809265137,
        0.0,
        3.25,
        -0.6499999761581421,
        0.0,
        4.549999713897705,
        1.9499999284744263,
        0.0,
        4.549999713897705,
        5.849999904632568,
        0.0,
        4.549999713897705,
        9.75,
        0.0,
        4.549999713897705,
        0.6499999761581421,
        0.0,
        5.849999904632568,
        3.25,
        0.0,
        5.849999904632568,
        4.549999713897705,
        0.0,
        5.849999904632568,
        8.449999809265137,
        0.0,
        5.849999904632568,
        3.25,
        0.0,
        7.149999618530273,
        4.549999713897705,
        0.0,
        7.149999618530273,
        5.849999904632568,
        0.0,
        7.149999618530273,
        7.149999618530273,
        0.0,
        7.149999618530273,
        0.6499999761581421,
        0.0,
        8.449999809265137,
        1.9499999284744263,
        0.0,
        8.449999809265137,
        7.149999618530273,
        0.0,
        8.449999809265137,
        8.449999809265137,
        0.0,
        8.449999809265137,
        0.6499999761581421,
        0.0,
        0.6499999761581421,
        0.6499999761581421,
        0.0,
        3.25,
        1.9499999284744263,
        0.0,
        1.9499999284744263,
        1.9499999284744263,
        0.0,
        3.25,
        1.9499999284744263,
        0.0,
        5.849999904632568,
        1.9499999284744263,
        0.0,
        7.149999618530273,
        3.25,
        0.0,
        1.9499999284744263,
        3.25,
        0.0,
        5.849999904632568,
        3.25,
        0.0,
        7.149999618530273,
        3.25,
        0.0,
        9.75,
        4.549999713897705,
        0.0,
        3.25,
        4.549999713897705,
        0.0,
        7.149999618530273,
        5.849999904632568,
        0.0,
        7.149999618530273,
        5.849999904632568,
        0.0,
        9.75,
        7.149999618530273,
        0.0,
        -0.6499999761581421,
        7.149999618530273,
        0.0,
        1.9499999284744263,
        8.449999809265137,
        0.0,
        0.6499999761581421,
        8.449999809265137,
        0.0,
        1.9499999284744263,
        8.449999809265137,
        0.0,
        5.849999904632568,
        8.449999809265137,
        0.0,
        8.449999809265137
    ],