{
    "nodePositions": [
        0.0,
        0.0,
        0.0,
        0.0,
        0.0,
        3.8999998569488527,
        0.0,
        0.0,
        5.199999809265137,
        0.0,
        0.0,
        7.799999713897705,
        0.0,
        0.0,
        9.09999942779541,
        1.2999999523162842,
        0.0,
        0.0,
        1.2999999523162842,
        0.0,
        3.8999998569488527,
        1.2999999523162842,
        0.0,
        5.199999809265137,
        1.2999999523162842,
        0.0,
        6.5,
        1.2999999523162842,
        0.0,
        7.799999713897705,
        2.5999999046325685,
        0.0,
        1.2999999523162842,
        2.5999999046325685,
        0.0,
        3.8999998569488527,
        2.5999999046325685,
        0.0,
        5.199999809265137,
        3.8999998569488527,
        0.0,
        1.2999999523162842,
        3.8999998569488527,
        0.0,
        3.8999998569488527,
        3.8999998569488527,
        0.0,
        7.799999713897705,
        3.8999998569488527,
        0.0,
        9.09999942779541,
        5.199999809265137,
        0.0,
        0.0,
        5.199999809265137,
        0.0,
        2.5999999046325685,
        5.199999809265137,
        0.0,
        3.8999998569488527,
        5.199999809265137,
        0.0,
        6.5,
        5.199999809265137,
        0.0,
        9.09999942779541,
        6.5,
        0.0,
        0.0,
        6.5,
        0.0,
        2.5999999046325685,
        6.5,
        0.0,
        5.199999809265137,
        6.5,
        0.0,
        7.799999713897705,
        6.5,
        0.0,
        9.09999942779541,
        7.799999713897705,
        0.0,
        1.2999999523162842,
        7.799999713897705,
        0.0,
        2.5999999046325685,
        7.799999713897705,
        0.0,
        3.8999998569488527,
        7.799999713897705,
        0.0,
        5.199999809265137,
        7.799999713897705,
        0.0,
        6.5,
        7.799999713897705,
        0.0,
        7.799999713897705,
        9.09999942779541,
        0.0,
        0.0,
        9.09999942779541,
        0.0,
        1.2999999523162842,
        9.09999942779541,
        0.0,
        2.5999999046325685,
        9.09999942779541,
        0.0,
        5.199999809265137,
        9.09999942779541,
        0.0,
        6.5,
        9.09999942779541,
        0.0,
        7.799999713897705,
        9.09999942779541,
        0.0,
        9.09999942779541
    ],
    "edgeNodeIndexes": [
        0,
        1,
        1,
        6,
        2,
        7,
        2,
        3,
        3,
        9,
        3,
        4,
        4,
        16,
        5,
        6,
        5,
        17,
        6,
        11,
        8,
        9,
        8,
        20,
        9,
        15,
        10,
        13,
        10,
        11,
        11,
        12,
        12,
        24,
        13,
        14,
        14,
        19,
        15,
        16,
        16,
        21,
        17,
        18,
        18,
        23,
        18,
        19,
        19,
        29,
        20,
        21,
        21,
        26,
        22,
        23,
        22,
        33,
        24,
        25,
        25,
        32,
        25,
        26,
        26,
        39,
        27,
        34,
        27,
        28,
        28,
        35,
        29,
        30,
        30,
        36,
        31,
        37,
        31,
        32,
        32,
        38,
        33,
        34,
        35,
        36,
        36,
        37,
        37,
        38,
        38,
        39
    ],
    "wallPositions": [
        1.9499999284744263,
        0.0,
        0.6499999761581421,
        4.549999713897705,
        0.0,
        0.6499999761581421,
        7.149999618530273,
        0.0,
        0.6499999761581421,
        8.449999809265137,
        0.0,
        0.6499999761581421,
        8.449999809265137,
        0.0,
        1.9499999284744263,
        9.75,
        0.0,
        1.9499999284744263,
        5.849999904632568,
        0.0,
        3.25,
        8.449999809265137,
        0.0,
        3.25,
        -0.6499999761581421,
        0.0,
        4.549999713897705,
        1.9499999284744263,
        0.0,
        4.549999713897705,
        3.25,
        0.0,
        4.549999713897705,
        7.149999618530273,
        0.0,
        4.549999713897705,
        0.6499999761581421,
        0.0,
        5.849999904632568,
        5.849999904632568,
        0.0,
        5.849999904632568,
        7.149999618530273,
        0.0,
        5.849999904632568,
        8.449999809265137,
        0.0,
        5.849999904632568,
        1.9499999284744263,
        0.0,
        7.149999618530273,
        4.549999713897705,
        0.0,
        7.149999618530273,
        0.6499999761581421,
        0.0,
        8.449999809265137,
        3.25,
        0.0,
        8.449999809265137,
        7.149999618530273,
        0.0,
        8.449999809265137,
        8.449999809265137,
        0.0,
        8.449999809265137,
        0.6499999761581421,
        0.0,
        -0.6499999761581421,
        0.6499999761581421,
        0.0,
        3.25,
        0.6499999761581421,
        0.0,
        5.849999904632568,
        0.6499999761581421,
        0.0,
        7.149999618530273,
        1.9499999284744263,
        0.0,
        0.6499999761581421,
        1.9499999284744263,
        0.0,
        3.25,
        1.9499999284744263,
        0.0,
        4.549999713897705,
        1.9499999284744263,
        0.0,
        5.849999904632568,
        3.25,
        0.0,
        1.9499999284744263,
        3.25,
        0.0,
        4.549999713897705,
        4.549999713897705,
        0.0,
        0.6499999761581421,
        4.549999713897705,
        0.0,
        3.25,
        4.549999713897705,
        0.0,
        7.149999618530273,
        4.549999713897705,
        0.0,
        8.449999809265137,
        5.849999904632568,
        0.0,
        -0.6499999761581421,
        5.849999904632568,
        0.0,
        1.9499999284744263,
        5.849999904632568,
        0.0,
        5.849999904632568,
        5.849999904632568,
        0.0,
        8.449999809265137,
        7.149999618530273,
        0.0,
        0.6499999761581421,
        7.149999618530273,
        0.0,
        3.25,
        7.149999618530273,
        0.0,
        4.549999713897705,
        7.149999618530273,
        0.0,
        7.149999618530273,
        8.449999809265137,
        0.0,
        3.25,
        8.449999809265137,
        0.0,
        4.549999713897705
    ],