{
    "nodePositions": [
        0.0,
        0.0,
        0.0,
        0.0,
        0.0,
        1.2999999523162842,
        0.0,
        0.0,
        2.5999999046325685,
        0.0,
        0.0,
        6.5,
        0.0,
        0.0,
        7.799999713897705,
        0.0,
        0.0,
        9.09999942779541,
        1.2999999523162842,
        0.0,
        1.2999999523162842,
        1.2999999523162842,
        0.0,
        2.5999999046325685,
        1.2999999523162842,
        0.0,
        3.8999998569488527,
        1.2999999523162842,
        0.0,
        5.199999809265137,
        1.2999999523162842,
        0.0,
        6.5,
        1.2999999523162842,
        0.0,
        7.799999713897705,
        2.5999999046325685,
        0.0,
        1.2999999523162842,
        2.5999999046325685,
        0.0,
        3.8999998569488527,
        2.5999999046325685,
        0.0,
        5.199999809265137,
        2.5999999046325685,
        0.0,
        7.799999713897705,
        3.8999998569488527,
        0.0,
        0.0,
        3.8999998569488527,
        0.0,
        1.2999999523162842,
        3.8999998569488527,
        0.0,
        2.5999999046325685,
        3.8999998569488527,
        0.0,
        6.5,
        3.8999998569488527,
        0.0,
        7.799999713897705,
        3.8999998569488527,
        0.0,
        9.09999942779541,
        5.199999809265137,
        0.0,
        0.0,
        5.199999809265137,
        0.0,
        1.2999999523162842,
        5.199999809265137,
        0.0,
        3.8999998569488527,
        5.199999809265137,
        0.0,
        5.199999809265137,
        5.199999809265137,
        0.0,
        9.09999942779541,
        7.799999713897705,
        0.0,
        1.2999999523162842,
        7.799999713897705,
        0.0,
        2.5999999046325685,
        7.799999713897705,
        0.0,
        6.5,
        7.799999713897705,
        0.0,
        7.799999713897705,
        9.09999942779541,
        0.0,
        0.0,
        9.09999942779541,
        0.0,
        3.8999998569488527,
        9.09999942779541,
        0.0,
        5.199999809265137,
        9.09999942779541,
        0.0,
        9.09999942779541
    ],
    "edgeNodeIndexes": [
        0,
        1,
        0,
        16,
        1,
        6,
        2,
        7,
        2,
        3,
        3,
        10,
        4,
        11,
        4,
        5,
        5,
        21,
        6,
        7,
        8,
        13,
        8,
        9,
        9,
        14,
        10,
        11,
        12,
        17,
        12,
        13,
        14,
        15,
        16,
        17,
        18,
        19,
        18,
        28,
        19,
        29,
        20,
        21,
        20,
        30,
        22,
        23,
        22,
        31,
        23,
        27,
        24,
        25,
        24,
        32,
        25,
        33,
        26,
        34,
        27,
        28,
        29,
        30,
        31,
        32,
        33,
        34
    ],
    "wallPositions": [
        0.6499999761581421,
        0.0,
        0.6499999761581421,
        3.25,
        0.0,
        0.6499999761581421,
        5.849999904632568,
        0.0,
        0.6499999761581421,
        8.449999809265137,
        0.0,
        0.6499999761581421,
        -0.6499999761581421,
        0.0,
        1.9499999284744263,
        0.6499999761581421,
        0.0,
        1.9499999284744263,
        3.25,
        0.0,
        1.9499999284744263,
        7.149999618530273,
        0.0,
        1.9499999284744263,
        0.6499999761581421,
        0.0,
        3.25,
        1.9499999284744263,
        0.0,
        3.25,
        4.549999713897705,
        0.0,
        3.25,
        8.449999809265137,
        0.0,
        3.25,
        1.9499999284744263,
        0.0,
        4.549999713897705,
        3.25,
        0.0,
        4.549999713897705,
        5.849999904632568,
        0.0,
        4.549999713897705,
        9.75,
        0.0,
        4.549999713897705,
        0.6499999761581421,
        0.0,
        5.849999904632568,
        1.9499999284744263,
        0.0,
        5.849999904632568,
        4.549999713897705,
        0.0,
        5.849999904632568,
        8.449999809265137,
        0.0,
        5.849999904632568,
        -0.6499999761581421,
        0.0,
        7.149999618530273,
        0.6499999761581421,
        0.0,
        7.149999618530273,
        3.25,
        0.0,
        7.149999618530273,
        7.149999618530273,
        0.0,
        7.149999618530273,
        0.6499999761581421,
        0.0,
        8.449999809265137,
        3.25,
        0.0,
        8.449999809265137,
        4.549999713897705,
        0.0,
        8.449999809265137,
        8.449999809265137,
        0.0,
        8.449999809265137,
        0.6499999761581421,
        0.0,
        3.25,
        0.6499999761581421,
        0.0,
        5.849999904632568,
        1.9499999284744263,
        0.0,
        0.6499999761581421,
        1.9499999284744263,
        0.0,
        3.25,
        1.9499999284744263,
        0.0,
        5.849999904632568,
        1.9499999284744263,
        0.0,
        8.449999809265137,
        3.25,
        0.0,
        1.9499999284744263,
        3.25,
        0.0,
        8.449999809265137,
        4.549999713897705,
        0.0,
        -0.6499999761581421,
        4.549999713897705,
        0.0,
        1.9499999284744263,
        4.549999713897705,
        0.0,
        3.25,
        4.549999713897705,
        0.0,
        5.849999904632568,
        4.549999713897705,
        0.0,
        8.449999809265137,
        4.549999713897705,
        0.0,
        9.75,
        8.449999809265137,
        0.0,
        0.6499999761581421,
        8.449999809265137,
        0.0,
        3.25,
        8.449999809265137,
        0.0,
        5.849999904632568,
        8.449999809265137,
        0.0,
        8.449999809265137
    ],
    "pathPositions": [
        5.199999809265137,
        0.0,
        0.0,
        5.199999809265137,
        0.0,
        1.2999999523162842,
        7.799999713897705,
        0.0,
        1.2999999523162842,
        7.799999713897705,
        0.0,
        2.5999999046325685,
        3.8999998569488527,
        0.0,
        2.5999999046325685,
        3.8999998569488527,
        0.0,
        6.5,
        7.799999713897705,
        0.0,
        6.5,
        7.799999713897705,
        0.0,
        7.799999713897705,
        3.8999998569488527,
        0.0,
        7.799999713897705,
        3.8999998569488527,
        0.0,
        9.09999942779541,
        0.0,
        0.0,
        9.09999942779541,
        0.0,
        0.0,
        7.799999713897705,
        1.2999999523162842,
        0.0,
        7.799999713897705,
        0.0,
        0.0,
        7.799999713897705,
        0.0,
        0.0,
        9.09999942779541,
        3.8999998569488527,
        0.0,
        9.09999942779541,
        3.8999998569488527,
        0.0,
        7.799999713897705,
        7.799999713897705,
        0.0,
        7.799999713897705,
        7.799999713897705,
        0.0,
        6.5,
        3.8999998569488527,
        0.0,
        6.5,
        3.8999998569488527,
        0.0,
        2.5999999046325685,
        7.799999713897705,
        0.0,
        2.5999999046325685,
        7.799999713897705,
        0.0,
        1.2999999523162842,
        5.199999809265137,
        0.0,
        1.2999999523162842,
        5.199999809265137,
        0.0,
        0.0,
        9.09999942779541,
        0.0,
        0.0
    ]
}