{
    "nodePositions": [
        0.0,
        0.0,
        0.0,
        0.0,
        0.0,
        3.8999998569488527,
        0.0,
        0.0,
        5.199999809265137,
        0.0,
        0.0,
        9.09999942779541,
        1.2999999523162842,
        0.0,
        1.2999999523162842,
        1.2999999523162842,
        0.0,
        3.8999998569488527,
        1.2999999523162842,
        0.0,
        6.5,
        1.2999999523162842,
        0.0,
        9.09999942779541,
        2.5999999046325685,
        0.0,
        1.2999999523162842,
        2.5999999046325685,
        0.0,
        5.199999809265137,
        2.5999999046325685,
        0.0,
        6.5,
        2.5999999046325685,
        0.0,
        9.09999942779541,
        3.8999998569488527,
        0.0,
        0.0,
        3.8999998569488527,
        0.0,
        2.5999999046325685,
        3.8999998569488527,
        0.0,
        3.8999998569488527,
        3.8999998569488527,
        0.0,
        5.199999809265137,
        3.8999998569488527,
        0.0,
        6.5,
        3.8999998569488527,
        0.0,
        9.09999942779541,
        5.199999809265137,
        0.0,
        0.0,
        5.199999809265137,
        0.0,
        2.5999999046325685,
        5.199999809265137,
        0.0,
        6.5,
        5.199999809265137,
        0.0,
        9.09999942779541,
        6.5,
        0.0,
        1.2999999523162842,
        6.5,
        0.0,
        2.5999999046325685,
        6.5,
        0.0,
        5.199999809265137,
        6.5,
        0.0,
        7.799999713897705,
        7.799999713897705,
        0.0,
        0.0,
        7.799999713897705,
        0.0,
        3.8999998569488527,
        7.799999713897705,
        0.0,
        6.5,
        9.09999942779541,
        0.0,
        0.0,
        9.09999942779541,
        0.0,
        1.2999999523162842,
        9.09999942779541,
        0.0,
        2.5999999046325685,
        9.09999942779541,
        0.0,
        6.5,
        9.09999942779541,
        0.0,
        7.799999713897705,
        9.09999942779541,
        0.0,
        9.09999942779541
    ],
    "edgeNodeIndexes": [
        0,
        1,
        0,
        12,
        1,
        5,
        2,
        3,
        2,
        9,
        3,
        7,
        4,
        8,
        4,
        5,
        6,
        10,
        6,
        7,
        8,
        9,
        10,
        11,
        11,
        17,
        12,
        13,
        13,
        19,
        14,
        15,
        14,
        27,
        15,
        24,
        16,
        20,
        16,
        17,
        18,
        19,
        18,
        26,
        20,
        21,
        21,
        34,
        22,
        23,
        22,
        30,
        23,
        31,
        24,
        25,
        25,
        33,
        27,
        28,
        28,
        32,
        29,
        30,
        31,
        32,
        33,
        34
    ],
    "wallPositions": [
        0.6499999761581421,
        0.0,
        0.6499999761581421,
        3.25,
        0.0,
        0.6499999761581421,
        5.849999904632568,
        0.0,
        0.6499999761581421,
        8.449999809265137,
        0.0,
        0.6499999761581421,
        7.149999618530273,
        0.0,
        1.9499999284744263,
        9.75,
        0.0,
        1.9499999284744263,
        3.25,
        0.0,
        3.25,
        8.449999809265137,
        0.0,
        3.25,
        -0.6499999761581421,
        0.0,
        4.549999713897705,
        1.9499999284744263,
        0.0,
        4.549999713897705,
        4.549999713897705,
        0.0,
        4.549999713897705,
        7.149999618530273,
        0.0,
        4.549999713897705,
        0.6499999761581421,
        0.0,
        5.849999904632568,
        5.849999904632568,
        0.0,
        5.849999904632568,
        7.149999618530273,
        0.0,
        7.149999618530273,
        9.75,
        0.0,
        7.149999618530273,
        5.849999904632568,
        0.0,
        8.449999809265137,
        8.449999809265137,
        0.0,
        8.449999809265137,
        0.6499999761581421,
        0.0,
        0.6499999761581421,
        0.6499999761581421,
        0.0,
        3.25,
        0.6499999761581421,
        0.0,
        5.849999904632568,
        0.6499999761581421,
        0.0,
        8.449999809265137,
        1.9499999284744263,
        0.0,
        1.9499999284744263,
        1.9499999284744263,
        0.0,
        4.549999713897705,
        1.9499999284744263,
        0.0,
        7.149999618530273,
        1.9499999284744263,
        0.0,
        9.75,
        3.25,
        0.0,
        0.6499999761581421,
        3.25,
        0.0,
        8.449999809265137,
        4.549999713897705,
        0.0,
        -0.6499999761581421,
        4.549999713897705,
        0.0,
        1.9499999284744263,
        4.549999713897705,
        0.0,
        7.149999618530273,
        4.549999713897705,
        0.0,
        9.75,
        5.849999904632568,
        0.0,
        0.6499999761581421,
        5.849999904632568,
        0.0,
        3.25,
        5.849999904632568,
        0.0,
        5.849999904632568,
        5.849999904632568,
        0.0,
        8.449999809265137,
        7.149999618530273,
        0.0,
        4.549999713897705,
        7.149999618530273,
        0.0,
        7.149999618530273,
        8.449999809265137,
        0.0,
        -0.6499999761581421,
        8.449999809265137,
        0.0,
        0.6499999761581421,
        8.449999809265137,
        0.0,
        3.25,
        8.449999809265137,
        0.0,
        5.849999904632568
    ],
    "pathPositions": [
        2.5999999046325685,
        0.0,
        6.5,
        2.5999999046325685,
        0.0,
        9.09999942779541,
        3.8999998569488527,
        0.0,
        9.09999942779541,
        3.8999998569488527,
        0.0,
        6.5,
        5.199999809265137,
        0.0,
        6.5,
        5.199999809265137,
        0.0,
        9.09999942779541,
        9.09999942779541,
        0.0,
        9.09999942779541,
        9.09999942779541,
        0.0,
        7.799999713897705,
        6.5,
        0.0,
        7.799999713897705,
        6.5,
        0.0,
        5.199999809265137,
        3.8999998569488527,
        0.0,
        5.199999809265137,
        3.8999998569488527,
        0.0,
        3.8999998569488527,
        7.799999713897705,
        0.0,
        3.8999998569488527,
        7.799999713897705,
        0.0,
        6.5,
        9.09999942779541,
        0.0,
        6.5,
        7.799999713897705,
        0.0,
        6.5,
        7.799999713897705,
        0.0,
        3.8999998569488527,
        3.8999998569488527,
        0.0,
        3.8999998569488527,
        3.8999998569488527,
        0.0,
        5.199999809265137,
        6.5,
        0.0,
        5.199999809265137,
        6.5,
        0.0,
        7.799999713897705,
        9.09999942779541,
        0.0,
        7.799999713897705,
        9.09999942779541,
        0.0,
        9.09999942779541,
        5.199999809265137,
        0.0,
        9.09999942779541,
        5.199999809265137,
        0.0,
        6.5,
        3.8999998569488527,
        0.0,
        6.5,
        3.8999998569488527,
        0.0,
        9.09999942779541
    ]
}