{
    "nodePositions": [
        0.0,
        0.0,
        0.0,
        0.0,
        0.0,
        3.8999998569488527,
        0.0,
        0.0,
        5.199999809265137,
        0.0,
        0.0,
        9.09999942779541,
        1.2999999523162842,
        0.0,
        1.2999999523162842,
        1.2999999523162842,
        0.0,
        2.5999999046325685,
        1.2999999523162842,
        0.0,
        6.5,
        1.2999999523162842,
        0.0,
        7.799999713897705,
        2.5999999046325685,
        0.0,
        3.8999998569488527,
        2.5999999046325685,
        0.0,
        5.199999809265137,
        2.5999999046325685,
        0.0,
        7.799999713897705,
        2.5999999046325685,
        0.0,
        9.09999942779541,
        3.8999998569488527,
        0.0,
        0.0,
        3.8999998569488527,
        0.0,
        1.2999999523162842,
        3.8999998569488527,
        0.0,
        3.8999998569488527,
        3.8999998569488527,
        0.0,
        5.199999809265137,
        3.8999998569488527,
        0.0,
        6.5,
        3.8999998569488527,
        0.0,
        9.09999942779541,
        5.199999809265137,
        0.0,
        0.0,
        5.199999809265137,
        0.0,
        2.5999999046325685,
        5.199999809265137,
        0.0,
        5.199999809265137,
        5.199999809265137,
        0.0,
        9.09999942779541,
        6.5,
        0.0,
        1.2999999523162842,
        6.5,
        0.0,
        3.8999998569488527,
        6.5,
        0.0,
        5.199999809265137,
        6.5,
        0.0,
        7.799999713897705,
        7.799999713897705,
        0.0,
        1.2999999523162842,
        7.799999713897705,
        0.0,
        2.5999999046325685,
        7.799999713897705,
        0.0,
        3.8999998569488527,
        7.799999713897705,
        0.0,
        5.199999809265137,
        7.799999713897705,
        0.0,
        6.5,
        9.09999942779541,
        0.0,
        0.0,
        9.09999942779541,
        0.0,
        2.5999999046325685,
        9.09999942779541,
        0.0,
        3.8999998569488527,
        9.09999942779541,
        0.0,
        6.5,
        9.09999942779541,
        0.0,
        7.799999713897705,
        9.09999942779541,
        0.0,
        9.09999942779541
    ],
    "edgeNodeIndexes": [
        0,
        1,
        0,
        12,
        1,
        8,
        2,
        3,
        2,
        9,
        3,
        11,
        4,
        5,
        4,
        13,
        5,
        19,
        6,
        7,
        6,
        16,
        7,
        10,
        8,
        9,
        10,
        11,
        12,
        13,
        14,
        15,
        14,
        23,
        15,
        20,
        16,
        17,
        18,
        19,
        18,
        31,
        20,
        21,
        21,
        36,
        22,
        26,
        22,
        23,
        24,
        29,
        24,
        25,
        25,
        35,
        26,
        27,
        27,
        32,
        28,
        33,
        28,
        29,
        30,
        34,
        31,
        32,
        33,
        34,
        35,
        36
    ],
    "wallPositions": [
        0.6499999761581421,
        0.0,
        0.6499999761581421,
        3.25,
        0.0,
        0.6499999761581421,
        5.849999904632568,
        0.0,
        0.6499999761581421,
        8.449999809265137,
        0.0,
        0.6499999761581421,
        1.9499999284744263,
        0.0,
        1.9499999284744263,
        4.549999713897705,
        0.0,
        1.9499999284744263,
        0.6499999761581421,
        0.0,
        3.25,
        5.849999904632568,
        0.0,
        3.25,
        7.149999618530273,
        0.0,
        3.25,
        9.75,
        0.0,
        3.25,
        -0.6499999761581421,
        0.0,
        4.549999713897705,
        1.9499999284744263,
        0.0,
        4.549999713897705,
        4.549999713897705,
        0.0,
        4.549999713897705,
        7.149999618530273,
        0.0,
        4.549999713897705,
        0.6499999761581421,
        0.0,
        5.849999904632568,
        4.549999713897705,
        0.0,
        5.849999904632568,
        7.149999618530273,
        0.0,
        5.849999904632568,
        8.449999809265137,
        0.0,
        5.849999904632568,
        1.9499999284744263,
        0.0,
        7.149999618530273,
        3.25,
        0.0,
        7.149999618530273,
        7.149999618530273,
        0.0,
        7.149999618530273,
        9.75,
        0.0,
        7.149999618530273,
        0.6499999761581421,
        0.0,
        8.449999809265137,
        1.9499999284744263,
        0.0,
        8.449999809265137,
        5.849999904632568,
        0.0,
        8.449999809265137,
        8.449999809265137,
        0.0,
        8.449999809265137,
        0.6499999761581421,
        0.0,
        0.6499999761581421,
        0.6499999761581421,
        0.0,
        3.25,
        0.6499999761581421,
        0.0,
        5.849999904632568,
        0.6499999761581421,
        0.0,
        8.449999809265137,
        3.25,
        0.0,
        3.25,
        3.25,
        0.0,
        5.849999904632568,
        3.25,
        0.0,
        7.149999618530273,
        3.25,
        0.0,
        9.75,
        4.549999713897705,
        0.0,
        -0.6499999761581421,
        4.549999713897705,
        0.0,
        1.9499999284744263,
        4.549999713897705,
        0.0,
        5.849999904632568,
        4.549999713897705,
        0.0,
        9.75,
        5.849999904632568,
        0.0,
        0.6499999761581421,
        5.849999904632568,
        0.0,
        3.25,
        5.849999904632568,
        0.0,
        4.549999713897705,
        5.849999904632568,
        0.0,
        8.449999809265137,
        7.149999618530273,
        0.0,
        1.9499999284744263,
        7.149999618530273,
        0.0,
        4.549999713897705,
        7.149999618530273,
        0.0,
        5.849999904632568,
        7.149999618530273,
        0.0,
        7.149999618530273,
        8.449999809265137,
        0.0,
        0.6499999761581421,
        8.449999809265137,
        0.0,
        1.9499999284744263,
        8.449999809265137,
        0.0,
        4.549999713897705,
        8.449999809265137,
        0.0,
        5.849999904632568
    ],