{
    "nodePositions": [
        0.0,
        0.0,
        0.0,
        0.0,
        0.0,
        3.8999998569488527,
        0.0,
        0.0,
        5.199999809265137,
        0.0,
        0.0,
        6.5,
        0.0,
        0.0,
        7.799999713897705,
        0.0,
        0.0,
        9.09999942779541,
        1.2999999523162842,
        0.0,
        0.0,
        1.2999999523162842,
        0.0,
        3.8999998569488527,
        2.5999999046325685,
        0.0,
        0.0,
        2.5999999046325685,
        0.0,
        1.2999999523162842,
        2.5999999046325685,
        0.0,
        2.5999999046325685,
        2.5999999046325685,
        0.0,
        6.5,
        2.5999999046325685,
        0.0,
        7.799999713897705,
        3.8999998569488527,
        0.0,
        5.199999809265137,
        3.8999998569488527,
        0.0,
        6.5,
        3.8999998569488527,
        0.0,
        7.799999713897705,
        3.8999998569488527,
        0.0,
        9.09999942779541,
        5.199999809265137,
        0.0,
        1.2999999523162842,
        5.199999809265137,
        0.0,
        2.5999999046325685,
        5.199999809265137,
        0.0,
        3.8999998569488527,
        5.199999809265137,
        0.0,
        6.5,
        5.199999809265137,
        0.0,
        7.799999713897705,
        5.199999809265137,
        0.0,
        9.09999942779541,
        6.5,
        0.0,
        0.0,
        6.5,
        0.0,
        1.2999999523162842,
        6.5,
        0.0,
        2.5999999046325685,
        6.5,
        0.0,
        6.5,
        6.5,
        0.0,
        7.799999713897705,
        6.5,
        0.0,
        9.09999942779541,
        7.799999713897705,
        0.0,
        0.0,
        7.799999713897705,
        0.0,
        1.2999999523162842,
        7.799999713897705,
        0.0,
        2.5999999046325685,
        7.799999713897705,
        0.0,
        3.8999998569488527,
        7.799999713897705,
        0.0,
        5.199999809265137,
        7.799999713897705,
        0.0,
        6.5,
        7.799999713897705,
        0.0,
        7.799999713897705,
        7.799999713897705,
        0.0,
        9.09999942779541,
        9.09999942779541,
        0.0,
        0.0,
        9.09999942779541,
        0.0,
        3.8999998569488527,
        9.09999942779541,
        0.0,
        5.199999809265137,
        9.09999942779541,
        0.0,
        9.09999942779541
    ],
    "edgeNodeIndexes": [
        0,
        6,
        0,
        1,
        2,
        3,
        2,
        13,
        3,
        11,
        4,
        5,
        4,
        12,
        5,
        16,
        6,
        7,
        7,
        19,
        8,
        9,
        8,
        23,
        9,
        17,
        10,
        18,
        11,
        12,
        13,
        14,
        14,
        20,
        15,
        21,
        15,
        16,
        17,
        18,
        19,
        20,
        21,
        22,
        22,
        28,
        23,
        24,
        24,
        30,
        25,
        31,
        25,
        26,
        26,
        34,
        27,
        35,
        27,
        28,
        29,
        37,
        29,
        30,
        31,
        32,
        32,
        38,
        33,
        39,
        33,
        34,
        35,
        36,
        36,
        40,
        37,
        38,
        39,
        40
    ],
    "wallPositions": [
        3.25,
        0.0,
        0.6499999761581421,
        5.849999904632568,
        0.0,
        0.6499999761581421,
        1.9499999284744263,
        0.0,
        1.9499999284744263,
        4.549999713897705,
        0.0,
        1.9499999284744263,
        5.849999904632568,
        0.0,
        1.9499999284744263,
        8.449999809265137,
        0.0,
        1.9499999284744263,
        1.9499999284744263,
        0.0,
        3.25,
        5.849999904632568,
        0.0,
        3.25,
        -0.6499999761581421,
        0.0,
        4.549999713897705,
        4.549999713897705,
        0.0,
        4.549999713897705,
        7.149999618530273,
        0.0,
        4.549999713897705,
        9.75,
        0.0,
        4.549999713897705,
        0.6499999761581421,
        0.0,
        5.849999904632568,
        3.25,
        0.0,
        5.849999904632568,
        -0.6499999761581421,
        0.0,
        7.149999618530273,
        1.9499999284744263,
        0.0,
        7.149999618530273,
        3.25,
        0.0,
        7.149999618530273,
        8.449999809265137,
        0.0,
        7.149999618530273,
        0.6499999761581421,
        0.0,
        8.449999809265137,
        3.25,
        0.0,
        8.449999809265137,
        0.6499999761581421,
        0.0,
        0.6499999761581421,
        0.6499999761581421,
        0.0,
        4.549999713897705,
        1.9499999284744263,
        0.0,
        -0.6499999761581421,
        1.9499999284744263,
        0.0,
        3.25,
        3.25,
        0.0,
        5.849999904632568,
        3.25,
        0.0,
        8.449999809265137,
        4.549999713897705,
        0.0,
        4.549999713897705,
        4.549999713897705,
        0.0,
        5.849999904632568,
        4.549999713897705,
        0.0,
        8.449999809265137,
        4.549999713897705,
        0.0,
        9.75,
        5.849999904632568,
        0.0,
        0.6499999761581421,
        5.849999904632568,
        0.0,
        8.449999809265137,
        7.149999618530273,
        0.0,
        -0.6499999761581421,
        7.149999618530273,
        0.0,
        0.6499999761581421,
        7.149999618530273,
        0.0,
        3.25,
        7.149999618530273,
        0.0,
        5.849999904632568,
        7.149999618530273,
        0.0,
        8.449999809265137,
        7.149999618530273,
        0.0,
        9.75,
        8.449999809265137,
        0.0,
        0.6499999761581421,
        8.449999809265137,
        0.0,
        3.25,
        8.449999809265137,
        0.0,
        5.849999904632568,
        8.449999809265137,
        0.0,
        8.449999809265137
    ],