{
    "nodePositions": [
        0.0,
        0.0,
        0.0,
        0.0,
        0.0,
        3.8999998569488527,
        0.0,
        0.0,
        5.199999809265137,
        0.0,
        0.0,
        9.09999942779541,
        1.2999999523162842,
        0.0,
        1.2999999523162842,
        1.2999999523162842,
        0.0,
        2.5999999046325685,
        1.2999999523162842,
        0.0,
        6.5,
        1.2999999523162842,
        0.0,
        7.799999713897705,
        2.5999999046325685,
        0.0,
        1.2999999523162842,
        2.5999999046325685,
        0.0,
        3.8999998569488527,
        2.5999999046325685,
        0.0,
        5.199999809265137,
        3.8999998569488527,
        0.0,
        0.0,
        3.8999998569488527,
        0.0,
        1.2999999523162842,
        3.8999998569488527,
        0.0,
        3.8999998569488527,
        3.8999998569488527,
        0.0,
        5.199999809265137,
        3.8999998569488527,
        0.0,
        7.799999713897705,
        3.8999998569488527,
        0.0,
        9.09999942779541,
        5.199999809265137,
        0.0,
        0.0,
        5.199999809265137,
        0.0,
        1.2999999523162842,
        5.199999809265137,
        0.0,
        2.5999999046325685,
        5.199999809265137,
        0.0,
        3.8999998569488527,
        5.199999809265137,
        0.0,
        6.5,
        5.199999809265137,
        0.0,
        9.09999942779541,
        6.5,
        0.0,
        0.0,
        6.5,
        0.0,
        3.8999998569488527,
        6.5,
        0.0,
        5.199999809265137,
        6.5,
        0.0,
        7.799999713897705,
        7.799999713897705,
        0.0,
        0.0,
        7.799999713897705,
        0.0,
        3.8999998569488527,
        7.799999713897705,
        0.0,
        5.199999809265137,
        7.799999713897705,
        0.0,
        7.799999713897705,
        9.09999942779541,
        0.0,
        0.0,
        9.09999942779541,
        0.0,
        3.8999998569488527,
        9.09999942779541,
        0.0,
        5.199999809265137,
        9.09999942779541,
        0.0,
        9.09999942779541
    ],
    "edgeNodeIndexes": [
        0,
        1,
        0,
        11,
        1,
        9,
        2,
        3,
        2,
        10,
        3,
        16,
        4,
        8,
        4,
        5,
        5,
        19,
        6,
        7,
        6,
        21,
        7,
        15,
        9,
        10,
        11,
        12,
        12,
        18,
        13,
        20,
        13,
        14,
        14,
        25,
        15,
        16,
        17,
        23,
        17,
        18,
        19,
        20,
        21,
        22,
        22,
        34,
        23,
        24,
        24,
        28,
        25,
        26,
        26,
        30,
        27,
        31,
        27,
        28,
        29,
        33,
        29,
        30,
        31,
        32,
        33,
        34
    ],
    "wallPositions": [
        0.6499999761581421,
        0.0,
        0.6499999761581421,
        3.25,
        0.0,
        0.6499999761581421,
        1.9499999284744263,
        0.0,
        1.9499999284744263,
        5.849999904632568,
        0.0,
        1.9499999284744263,
        0.6499999761581421,
        0.0,
        3.25,
        4.549999713897705,
        0.0,
        3.25,
        -0.6499999761581421,
        0.0,
        4.549999713897705,
        1.9499999284744263,
        0.0,
        4.549999713897705,
        4.549999713897705,
        0.0,
        4.549999713897705,
        9.75,
        0.0,
        4.549999713897705,
        0.6499999761581421,
        0.0,
        5.849999904632568,
        5.849999904632568,
        0.0,
        5.849999904632568,
        1.9499999284744263,
        0.0,
        7.149999618530273,
        4.549999713897705,
        0.0,
        7.149999618530273,
        0.6499999761581421,
        0.0,
        8.449999809265137,
        3.25,
        0.0,
        8.449999809265137,
        5.849999904632568,
        0.0,
        8.449999809265137,
        8.449999809265137,
        0.0,
        8.449999809265137,
        0.6499999761581421,
        0.0,
        0.6499999761581421,
        0.6499999761581421,
        0.0,
        3.25,
        0.6499999761581421,
        0.0,
        5.849999904632568,
        0.6499999761581421,
        0.0,
        8.449999809265137,
        3.25,
        0.0,
        0.6499999761581421,
        3.25,
        0.0,
        1.9499999284744263,
        3.25,
        0.0,
        3.25,
        3.25,
        0.0,
        5.849999904632568,
        4.549999713897705,
        0.0,
        -0.6499999761581421,
        4.549999713897705,
        0.0,
        0.6499999761581421,
        4.549999713897705,
        0.0,
        7.149999618530273,
        4.549999713897705,
        0.0,
        9.75,
        5.849999904632568,
        0.0,
        0.6499999761581421,
        5.849999904632568,
        0.0,
        4.549999713897705,
        5.849999904632568,
        0.0,
        5.849999904632568,
        5.849999904632568,
        0.0,
        8.449999809265137,
        7.149999618530273,
        0.0,
        -0.6499999761581421,
        7.149999618530273,
        0.0,
        3.25,
        7.149999618530273,
        0.0,
        4.549999713897705,
        7.149999618530273,
        0.0,
        7.149999618530273,
        8.449999809265137,
        0.0,
        0.6499999761581421,
        8.449999809265137,
        0.0,
        4.549999713897705,
        8.449999809265137,
        0.0,
        5.849999904632568,
        8.449999809265137,
        0.0,
        8.449999809265137
    ],
    "pathPositions": [
        9.09999942779541,
        0.0,
        0.0,
        9.09999942779541,
        0.0,
        3.8999998569488527,
        9.09999942779541,
        0.0,
        0.0,
        7.799999713897705,
        0.0,
        0.0,
        7.799999713897705,
        0.0,
        3.8999998569488527,
        6.5,
        0.0,
        3.8999998569488527,
        6.5,
        0.0,
        0.0,
        5.199999809265137,
        0.0,
        0.0,
        5.199999809265137,
        0.0,
        1.2999999523162842,
        3.8999998569488527,
        0.0,
        1.2999999523162842,
        3.8999998569488527,
        0.0,
        0.0,
        0.0,
        0.0,
        0.0,
        0.0,
        0.0,
        3.8999998569488527,
        2.5999999046325685,
        0.0,
        3.8999998569488527,
        2.5999999046325685,
        0.0,
        5.199999809265137,
        0.0,
        0.0,
        5.199999809265137,
        2.5999999046325685,
        0.0,
        5.199999809265137,
        2.5999999046325685,
        0.0,
        3.8999998569488527,
        0.0,
        0.0,
        3.8999998569488527,
        0.0,
        0.0,
        0.0,
        3.8999998569488527,
        0.0,
        0.0,
        3.8999998569488527,
        0.0,
        1.2999999523162842,
        3.8999998569488527,
        0.0,
        0.0,
        0.0,
        0.0,
        0.0,
        0.0,
        0.0,
        3.8999998569488527
    ]
}