{
    "nodePositions": [
        0.0,
        0.0,
        0.0,
        0.0,
        0.0,
        1.2999999523162842,
        0.0,
        0.0,
        2.5999999046325685,
        0.0,
        0.0,
        3.8999998569488527,
        0.0,
        0.0,
        5.199999809265137,
        0.0,
        0.0,
        9.09999942779541,
        1.2999999523162842,
        0.0,
        3.8999998569488527,
        1.2999999523162842,
        0.0,
        7.799999713897705,
        2.5999999046325685,
        0.0,
        1.2999999523162842,
        2.5999999046325685,
        0.0,
        2.5999999046325685,
        2.5999999046325685,
        0.0,
        3.8999998569488527,
        2.5999999046325685,
        0.0,
        6.5,
        3.8999998569488527,
        0.0,
        0.0,
        3.8999998569488527,
        0.0,
        3.8999998569488527,
        3.8999998569488527,
        0.0,
        5.199999809265137,
        3.8999998569488527,
        0.0,
        6.5,
        3.8999998569488527,
        0.0,
        7.799999713897705,
        3.8999998569488527,
        0.0,
        9.09999942779541,
        5.199999809265137,
        0.0,
        0.0,
        5.199999809265137,
        0.0,
        3.8999998569488527,
        5.199999809265137,
        0.0,
        6.5,
        5.199999809265137,
        0.0,
        7.799999713897705,
        5.199999809265137,
        0.0,
        9.09999942779541,
        6.5,
        0.0,
        1.2999999523162842,
        6.5,
        0.0,
        2.5999999046325685,
        7.799999713897705,
        0.0,
        3.8999998569488527,
        7.799999713897705,
        0.0,
        5.199999809265137,
        9.09999942779541,
        0.0,
        0.0,
        9.09999942779541,
        0.0,
        1.2999999523162842,
        9.09999942779541,
        0.0,
        2.5999999046325685,
        9.09999942779541,
        0.0,
        6.5,
        9.09999942779541,
        0.0,
        7.799999713897705,
        9.09999942779541,
        0.0,
        9.09999942779541
    ],
    "edgeNodeIndexes": [
        0,
        1,
        0,
        12,
        1,
        8,
        2,
        3,
        2,
        9,
        3,
        6,
        4,
        5,
        5,
        17,
        6,
        7,
        7,
        16,
        8,
        9,
        10,
        13,
        10,
        11,
        11,
        15,
        12,
        13,
        14,
        15,
        14,
        26,
        16,
        17,
        18,
        19,
        18,
        27,
        19,
        25,
        20,
        21,
        20,
        30,
        21,
        31,
        22,
        32,
        23,
        24,
        23,
        28,
        24,
        29,
        25,
        26,
        27,
        28,
        29,
        30,
        31,
        32
    ],
    "wallPositions": [
        0.6499999761581421,
        0.0,
        0.6499999761581421,
        3.25,
        0.0,
        0.6499999761581421,
        5.849999904632568,
        0.0,
        0.6499999761581421,
        8.449999809265137,
        0.0,
        0.6499999761581421,
        -0.6499999761581421,
        0.0,
        1.9499999284744263,
        1.9499999284744263,
        0.0,
        1.9499999284744263,
        7.149999618530273,
        0.0,
        1.9499999284744263,
        9.75,
        0.0,
        1.9499999284744263,
        0.6499999761581421,
        0.0,
        3.25,
        3.25,
        0.0,
        3.25,
        5.849999904632568,
        0.0,
        3.25,
        8.449999809265137,
        0.0,
        3.25,
        -0.6499999761581421,
        0.0,
        4.549999713897705,
        0.6499999761581421,
        0.0,
        4.549999713897705,
        3.25,
        0.0,
        4.549999713897705,
        7.149999618530273,
        0.0,
        4.549999713897705,
        4.549999713897705,
        0.0,
        5.849999904632568,
        8.449999809265137,
        0.0,
        5.849999904632568,
        1.9499999284744263,
        0.0,
        7.149999618530273,
        4.549999713897705,
        0.0,
        7.149999618530273,
        5.849999904632568,
        0.0,
        7.149999618530273,
        9.75,
        0.0,
        7.149999618530273,
        0.6499999761581421,
        0.0,
        8.449999809265137,
        3.25,
        0.0,
        8.449999809265137,
        4.549999713897705,
        0.0,
        8.449999809265137,
        8.449999809265137,
        0.0,
        8.449999809265137,
        0.6499999761581421,
        0.0,
        4.549999713897705,
        0.6499999761581421,
        0.0,
        8.449999809265137,
        1.9499999284744263,
        0.0,
        3.25,
        1.9499999284744263,
        0.0,
        7.149999618530273,
        3.25,
        0.0,
        0.6499999761581421,
        3.25,
        0.0,
        3.25,
        3.25,
        0.0,
        4.549999713897705,
        3.25,
        0.0,
        5.849999904632568,
        4.549999713897705,
        0.0,
        -0.6499999761581421,
        4.549999713897705,
        0.0,
        4.549999713897705,
        4.549999713897705,
        0.0,
        5.849999904632568,
        4.549999713897705,
        0.0,
        9.75,
        5.849999904632568,
        0.0,
        0.6499999761581421,
        5.849999904632568,
        0.0,
        3.25,
        8.449999809265137,
        0.0,
        3.25,
        8.449999809265137,
        0.0,
        5.849999904632568
    ],
    "pathPositions": [
        0.0,
        0.0,
        1.2999999523162842,
        0.0,
        0.0,
        0.0,
        3.8999998569488527,
        0.0,
        0.0,
        3.8999998569488527,
        0.0,
        3.8999998569488527,
        2.5999999046325685,
        0.0,
        3.8999998569488527,
        2.5999999046325685,
        0.0,
        6.5,
        3.8999998569488527,
        0.0,
        6.5,
        3.8999998569488527,
        0.0,
        5.199999809265137,
        7.799999713897705,
        0.0,
        5.199999809265137,
        7.799999713897705,
        0.0,
        3.8999998569488527,
        5.199999809265137,
        0.0,
        3.8999998569488527,
        5.199999809265137,
        0.0,
        0.0,
        9.09999942779541,
        0.0,
        0.0,
        9.09999942779541,
        0.0,
        1.2999999523162842,
        6.5,
        0.0,
        1.2999999523162842,
        6.5,
        0.0,
        2.5999999046325685,
        9.09999942779541,
        0.0,
        2.5999999046325685,
        9.09999942779541,
        0.0,
        6.5,
        5.199999809265137,
        0.0,
        6.5,
        5.199999809265137,
        0.0,
        7.799999713897705,
        9.09999942779541,
        0.0,
        7.799999713897705,
        9.09999942779541,
        0.0,
        9.09999942779541,
        5.199999809265137,
        0.0,
        9.09999942779541,
        9.09999942779541,
        0.0,
        9.09999942779541
    ]
}