{
    "nodePositions": [
        0.0,
        0.0,
        0.0,
        0.0,
        0.0,
        1.2999999523162842,
        0.0,
        0.0,
        2.5999999046325685,
        0.0,
        0.0,
        3.8999998569488527,
        0.0,
        0.0,
        6.5,
        0.0,
        0.0,
        7.799999713897705,
        0.0,
        0.0,
        9.09999942779541,
        1.2999999523162842,
        0.0,
        1.2999999523162842,
        1.2999999523162842,
        0.0,
        2.5999999046325685,
        1.2999999523162842,
        0.0,
        5.199999809265137,
        1.2999999523162842,
        0.0,
        6.5,
        2.5999999046325685,
        0.0,
        1.2999999523162842,
        2.5999999046325685,
        0.0,
        2.5999999046325685,
        2.5999999046325685,
        0.0,
        5.199999809265137,
        2.5999999046325685,
        0.0,
        7.799999713897705,
        3.8999998569488527,
        0.0,
        0.0,
        3.8999998569488527,
        0.0,
        1.2999999523162842,
        3.8999998569488527,
        0.0,
        3.8999998569488527,
        3.8999998569488527,
        0.0,
        6.5,
        3.8999998569488527,
        0.0,
        7.799999713897705,
        3.8999998569488527,
        0.0,
        9.09999942779541,
        5.199999809265137,
        0.0,
        0.0,
        5.199999809265137,
        0.0,
        1.2999999523162842,
        5.199999809265137,
        0.0,
        2.5999999046325685,
        5.199999809265137,
        0.0,
        6.5,
        5.199999809265137,
        0.0,
        7.799999713897705,
        5.199999809265137,
        0.0,
        9.09999942779541,
        6.5,
        0.0,
        0.0,
        6.5,
        0.0,
        2.5999999046325685,
        6.5,
        0.0,
        3.8999998569488527,
        6.5,
        0.0,
        5.199999809265137,
        6.5,
        0.0,
        6.5,
        6.5,
        0.0,
        7.799999713897705,
        7.799999713897705,
        0.0,
        0.0,
        7.799999713897705,
        0.0,
        2.5999999046325685,
        9.09999942779541,
        0.0,
        0.0,
        9.09999942779541,
        0.0,
        3.8999998569488527,
        9.09999942779541,
        0.0,
        5.199999809265137,
        9.09999942779541,
        0.0,
        6.5,
        9.09999942779541,
        0.0,
        7.799999713897705,
        9.09999942779541,
        0.0,
        9.09999942779541
    ],
    "edgeNodeIndexes": [
        0,
        1,
        0,
        15,
        1,
        7,
        2,
        8,
        3,
        4,
        3,
        17,
        4,
        10,
        5,
        6,
        5,
        14,
        6,
        20,
        7,
        8,
        9,
        13,
        9,
        10,
        11,
        12,
        12,
        23,
        13,
        14,
        15,
        16,
        16,
        22,
        17,
        18,
        18,
        24,
        19,
        25,
        19,
        20,
        21,
        27,
        21,
        22,
        23,
        24,
        25,
        26,
        26,
        40,
        27,
        28,
        28,
        34,
        29,
        30,
        29,
        36,
        30,
        37,
        31,
        32,
        31,
        38,
        32,
        39,
        33,
        35,
        33,
        34,
        35,
        36,
        37,
        38,
        39,
        40
    ],
    "wallPositions": [
        0.6499999761581421,
        0.0,
        0.6499999761581421,
        3.25,
        0.0,
        0.6499999761581421,
        -0.6499999761581421,
        0.0,
        1.9499999284744263,
        0.6499999761581421,
        0.0,
        1.9499999284744263,
        3.25,
        0.0,
        1.9499999284744263,
        5.849999904632568,
        0.0,
        1.9499999284744263,
        -0.6499999761581421,
        0.0,
        3.25,
        4.549999713897705,
        0.0,
        3.25,
        5.849999904632568,
        0.0,
        3.25,
        8.449999809265137,
        0.0,
        3.25,
        0.6499999761581421,
        0.0,
        4.549999713897705,
        3.25,
        0.0,
        4.549999713897705,
        7.149999618530273,
        0.0,
        4.549999713897705,
        9.75,
        0.0,
        4.549999713897705,
        5.849999904632568,
        0.0,
        5.849999904632568,
        8.449999809265137,
        0.0,
        5.849999904632568,
        -0.6499999761581421,
        0.0,
        7.149999618530273,
        1.9499999284744263,
        0.0,
        7.149999618530273,
        3.25,
        0.0,
        7.149999618530273,
        5.849999904632568,
        0.0,
        7.149999618530273,
        7.149999618530273,
        0.0,
        7.149999618530273,
        9.75,
        0.0,
        7.149999618530273,
        0.6499999761581421,
        0.0,
        8.449999809265137,
        3.25,
        0.0,
        8.449999809265137,
        5.849999904632568,
        0.0,
        8.449999809265137,
        8.449999809265137,
        0.0,
        8.449999809265137,
        0.6499999761581421,
        0.0,
        4.549999713897705,
        0.6499999761581421,
        0.0,
        5.849999904632568,
        1.9499999284744263,
        0.0,
        0.6499999761581421,
        1.9499999284744263,
        0.0,
        3.25,
        1.9499999284744263,
        0.0,
        5.849999904632568,
        1.9499999284744263,
        0.0,
        7.149999618530273,
        3.25,
        0.0,
        0.6499999761581421,
        3.25,
        0.0,
        1.9499999284744263,
        3.25,
        0.0,
        4.549999713897705,
        3.25,
        0.0,
        8.449999809265137,
        4.549999713897705,
        0.0,
        -0.6499999761581421,
        4.549999713897705,
        0.0,
        0.6499999761581421,
        4.549999713897705,
        0.0,
        3.25,
        4.549999713897705,
        0.0,
        5.849999904632568,
        4.549999713897705,
        0.0,
        8.449999809265137,
        4.549999713897705,
        0.0,
        9.75,
        5.849999904632568,
        0.0,
        0.6499999761581421,
        5.849999904632568,
        0.0,
        8.449999809265137,
        7.149999618530273,
        0.0,
        -0.6499999761581421,
        7.149999618530273,
        0.0,
        1.9499999284744263,
        8.449999809265137,
        0.0,
        0.6499999761581421,
        8.449999809265137,
        0.0,
        3.25
    ],