{
    "nodePositions": [
        0.0,
        0.0,
        0.0,
        0.0,
        0.0,
        3.8999998569488527,
        0.0,
        0.0,
        5.199999809265137,
        0.0,
        0.0,
        9.09999942779541,
        1.2999999523162842,
        0.0,
        0.0,
        1.2999999523162842,
        0.0,
        2.5999999046325685,
        1.2999999523162842,
        0.0,
        5.199999809265137,
        1.2999999523162842,
        0.0,
        6.5,
        1.2999999523162842,
        0.0,
        7.799999713897705,
        1.2999999523162842,
        0.0,
        9.09999942779541,
        2.5999999046325685,
        0.0,
        0.0,
        2.5999999046325685,
        0.0,
        2.5999999046325685,
        2.5999999046325685,
        0.0,
        3.8999998569488527,
        2.5999999046325685,
        0.0,
        5.199999809265137,
        2.5999999046325685,
        0.0,
        6.5,
        2.5999999046325685,
        0.0,
        7.799999713897705,
        3.8999998569488527,
        0.0,
        0.0,
        3.8999998569488527,
        0.0,
        3.8999998569488527,
        3.8999998569488527,
        0.0,
        6.5,
        3.8999998569488527,
        0.0,
        7.799999713897705,
        5.199999809265137,
        0.0,
        0.0,
        5.199999809265137,
        0.0,
        2.5999999046325685,
        5.199999809265137,
        0.0,
        7.799999713897705,
        5.199999809265137,
        0.0,
        9.09999942779541,
        6.5,
        0.0,
        0.0,
        6.5,
        0.0,
        1.2999999523162842,
        6.5,
        0.0,
        3.8999998569488527,
        6.5,
        0.0,
        5.199999809265137,
        6.5,
        0.0,
        7.799999713897705,
        6.5,
        0.0,
        9.09999942779541,
        7.799999713897705,
        0.0,
        1.2999999523162842,
        7.799999713897705,
        0.0,
        2.5999999046325685,
        7.799999713897705,
        0.0,
        3.8999998569488527,
        7.799999713897705,
        0.0,
        5.199999809265137,
        7.799999713897705,
        0.0,
        6.5,
        7.799999713897705,
        0.0,
        7.799999713897705,
        9.09999942779541,
        0.0,
        0.0,
        9.09999942779541,
        0.0,
        3.8999998569488527,
        9.09999942779541,
        0.0,
        5.199999809265137,
        9.09999942779541,
        0.0,
        9.09999942779541
    ],
    "edgeNodeIndexes": [
        0,
        4,
        0,
        1,
        1,
        12,
        2,
        6,
        2,
        3,
        4,
        5,
        5,
        11,
        6,
        7,
        7,
        14,
        8,
        15,
        8,
        9,
        9,
        23,
        10,
        11,
        12,
        13,
        13,
        27,
        14,
        15,
        16,
        20,
        16,
        17,
        17,
        26,
        18,
        19,
        18,
        34,
        19,
        22,
        20,
        21,
        21,
        31,
        22,
        23,
        24,
        25,
        24,
        36,
        25,
        30,
        26,
        27,
        28,
        35,
        28,
        29,
        29,
        39,
        30,
        31,
        32,
        37,
        32,
        33,
        33,
        38,
        34,
        35,
        36,
        37,
        38,
        39
    ],
    "wallPositions": [
        7.149999618530273,
        0.0,
        0.6499999761581421,
        8.449999809265137,
        0.0,
        0.6499999761581421,
        5.849999904632568,
        0.0,
        1.9499999284744263,
        7.149999618530273,
        0.0,
        1.9499999284744263,
        0.6499999761581421,
        0.0,
        3.25,
        3.25,
        0.0,
        3.25,
        4.549999713897705,
        0.0,
        3.25,
        8.449999809265137,
        0.0,
        3.25,
        -0.6499999761581421,
        0.0,
        4.549999713897705,
        1.9499999284744263,
        0.0,
        4.549999713897705,
        3.25,
        0.0,
        4.549999713897705,
        5.849999904632568,
        0.0,
        4.549999713897705,
        8.449999809265137,
        0.0,
        4.549999713897705,
        9.75,
        0.0,
        4.549999713897705,
        1.9499999284744263,
        0.0,
        5.849999904632568,
        8.449999809265137,
        0.0,
        5.849999904632568,
        0.6499999761581421,
        0.0,
        7.149999618530273,
        1.9499999284744263,
        0.0,
        7.149999618530273,
        4.549999713897705,
        0.0,
        7.149999618530273,
        7.149999618530273,
        0.0,
        7.149999618530273,
        1.9499999284744263,
        0.0,
        8.449999809265137,
        4.549999713897705,
        0.0,
        8.449999809265137,
        7.149999618530273,
        0.0,
        8.449999809265137,
        8.449999809265137,
        0.0,
        8.449999809265137,
        0.6499999761581421,
        0.0,
        0.6499999761581421,
        0.6499999761581421,
        0.0,
        3.25,
        0.6499999761581421,
        0.0,
        5.849999904632568,
        0.6499999761581421,
        0.0,
        9.75,
        1.9499999284744263,
        0.0,
        -0.6499999761581421,
        1.9499999284744263,
        0.0,
        1.9499999284744263,
        1.9499999284744263,
        0.0,
        4.549999713897705,
        1.9499999284744263,
        0.0,
        5.849999904632568,
        3.25,
        0.0,
        -0.6499999761581421,
        3.25,
        0.0,
        4.549999713897705,
        3.25,
        0.0,
        5.849999904632568,
        3.25,
        0.0,
        8.449999809265137,
        4.549999713897705,
        0.0,
        0.6499999761581421,
        4.549999713897705,
        0.0,
        3.25,
        5.849999904632568,
        0.0,
        -0.6499999761581421,
        5.849999904632568,
        0.0,
        1.9499999284744263,
        5.849999904632568,
        0.0,
        7.149999618530273,
        5.849999904632568,
        0.0,
        9.75,
        7.149999618530273,
        0.0,
        3.25,
        7.149999618530273,
        0.0,
        5.849999904632568,
        8.449999809265137,
        0.0,
        0.6499999761581421,
        8.449999809265137,
        0.0,
        3.25,
        8.449999809265137,
        0.0,
        5.849999904632568,
        8.449999809265137,
        0.0,
        8.449999809265137
    ],