{
    "nodePositions": [
        0.0,
        0.0,
        0.0,
        0.0,
        0.0,
        1.2999999523162842,
        0.0,
        0.0,
        2.5999999046325685,
        0.0,
        0.0,
        5.199999809265137,
        0.0,
        0.0,
        6.5,
        0.0,
        0.0,
        9.09999942779541,
        1.2999999523162842,
        0.0,
        3.8999998569488527,
        1.2999999523162842,
        0.0,
        5.199999809265137,
        1.2999999523162842,
        0.0,
        6.5,
        1.2999999523162842,
        0.0,
        7.799999713897705,
        2.5999999046325685,
        0.0,
        1.2999999523162842,
        2.5999999046325685,
        0.0,
        2.5999999046325685,
        2.5999999046325685,
        0.0,
        5.199999809265137,
        2.5999999046325685,
        0.0,
        6.5,
        2.5999999046325685,
        0.0,
        7.799999713897705,
        3.8999998569488527,
        0.0,
        0.0,
        3.8999998569488527,
        0.0,
        2.5999999046325685,
        3.8999998569488527,
        0.0,
        3.8999998569488527,
        3.8999998569488527,
        0.0,
        5.199999809265137,
        3.8999998569488527,
        0.0,
        7.799999713897705,
        3.8999998569488527,
        0.0,
        9.09999942779541,
        5.199999809265137,
        0.0,
        0.0,
        5.199999809265137,
        0.0,
        2.5999999046325685,
        5.199999809265137,
        0.0,
        3.8999998569488527,
        5.199999809265137,
        0.0,
        6.5,
        5.199999809265137,
        0.0,
        7.799999713897705,
        5.199999809265137,
        0.0,
        9.09999942779541,
        6.5,
        0.0,
        1.2999999523162842,
        6.5,
        0.0,
        2.5999999046325685,
        6.5,
        0.0,
        5.199999809265137,
        6.5,
        0.0,
        7.799999713897705,
        7.799999713897705,
        0.0,
        6.5,
        7.799999713897705,
        0.0,
        7.799999713897705,
        9.09999942779541,
        0.0,
        0.0,
        9.09999942779541,
        0.0,
        1.2999999523162842,
        9.09999942779541,
        0.0,
        2.5999999046325685,
        9.09999942779541,
        0.0,
        3.8999998569488527,
        9.09999942779541,
        0.0,
        5.199999809265137,
        9.09999942779541,
        0.0,
        6.5,
        9.09999942779541,
        0.0,
        9.09999942779541
    ],
    "edgeNodeIndexes": [
        0,
        1,
        0,
        15,
        1,
        10,
        2,
        3,
        2,
        11,
        3,
        7,
        4,
        8,
        4,
        5,
        5,
        20,
        6,
        7,
        6,
        17,
        8,
        9,
        9,
        14,
        10,
        11,
        12,
        18,
        12,
        13,
        13,
        24,
        15,
        16,
        16,
        22,
        17,
        18,
        19,
        25,
        19,
        20,
        21,
        22,
        21,
        33,
        23,
        24,
        23,
        36,
        25,
        26,
        26,
        39,
        27,
        28,
        27,
        34,
        28,
        35,
        29,
        30,
        29,
        37,
        30,
        32,
        31,
        38,
        31,
        32,
        33,
        34,
        36,
        37,
        38,
        39
    ],
    "wallPositions": [
        0.6499999761581421,
        0.0,
        0.6499999761581421,
        3.25,
        0.0,
        0.6499999761581421,
        5.849999904632568,
        0.0,
        0.6499999761581421,
        8.449999809265137,
        0.0,
        0.6499999761581421,
        -0.6499999761581421,
        0.0,
        1.9499999284744263,
        1.9499999284744263,
        0.0,
        1.9499999284744263,
        7.149999618530273,
        0.0,
        1.9499999284744263,
        9.75,
        0.0,
        1.9499999284744263,
        0.6499999761581421,
        0.0,
        3.25,
        9.75,
        0.0,
        3.25,
        1.9499999284744263,
        0.0,
        4.549999713897705,
        3.25,
        0.0,
        4.549999713897705,
        5.849999904632568,
        0.0,
        4.549999713897705,
        8.449999809265137,
        0.0,
        4.549999713897705,
        -0.6499999761581421,
        0.0,
        5.849999904632568,
        1.9499999284744263,
        0.0,
        5.849999904632568,
        3.25,
        0.0,
        5.849999904632568,
        4.549999713897705,
        0.0,
        5.849999904632568,
        7.149999618530273,
        0.0,
        5.849999904632568,
        9.75,
        0.0,
        5.849999904632568,
        1.9499999284744263,
        0.0,
        7.149999618530273,
        5.849999904632568,
        0.0,
        7.149999618530273,
        0.6499999761581421,
        0.0,
        8.449999809265137,
        3.25,
        0.0,
        8.449999809265137,
        5.849999904632568,
        0.0,
        8.449999809265137,
        8.449999809265137,
        0.0,
        8.449999809265137,
        0.6499999761581421,
        0.0,
        3.25,
        0.6499999761581421,
        0.0,
        4.549999713897705,
        0.6499999761581421,
        0.0,
        7.149999618530273,
        0.6499999761581421,
        0.0,
        8.449999809265137,
        1.9499999284744263,
        0.0,
        4.549999713897705,
        1.9499999284744263,
        0.0,
        7.149999618530273,
        3.25,
        0.0,
        0.6499999761581421,
        3.25,
        0.0,
        3.25,
        3.25,
        0.0,
        7.149999618530273,
        3.25,
        0.0,
        8.449999809265137,
        4.549999713897705,
        0.0,
        -0.6499999761581421,
        4.549999713897705,
        0.0,
        1.9499999284744263,
        4.549999713897705,
        0.0,
        3.25,
        4.549999713897705,
        0.0,
        5.849999904632568,
        4.549999713897705,
        0.0,
        8.449999809265137,
        4.549999713897705,
        0.0,
        9.75,
        5.849999904632568,
        0.0,
        0.6499999761581421,
        5.849999904632568,
        0.0,
        3.25,
        5.849999904632568,
        0.0,
        4.549999713897705,
        5.849999904632568,
        0.0,
        8.449999809265137,
        7.149999618530273,
        0.0,
        5.849999904632568,
        7.149999618530273,
        0.0,
        7.149999618530273,
        8.449999809265137,
        0.0,
        7.149999618530273,
        8.449999809265137,
        0.0,
        8.449999809265137
    ],